course_label,category,note
1 Month Sri Sri Yoga Challenge Classes,Sri Sri Yoga,
1 Year Sri Sri Yoga Challenge Classes,Sri Sri Yoga,
10 Day Online TTP SSNF & SSHG,,
1Day RPL,,
200H Yoga Teacher Training Course,Sri Sri Yoga,
200H – YOGA TEACHER TRAINING COURSE + Preparation for AYUSH YCB,Sri Sri Yoga,
3 Days Part I Course,HP,
3 Days YES+,YES+,
3 Month Sri Sri Yoga Challenge Classes,Sri Sri Yoga,
300H -Yoga Teacher Training Course +Preparation for AYUSH YCB,Sri Sri Yoga,
300H Yoga Teacher Training Course,Sri Sri Yoga,
350 HR – QCI YOGA TEACHERS’ TRAINING PROGRAM,Sri Sri Yoga,
6 Month Sri Sri Yoga Challenge Classes,Sri Sri Yoga,
AJ TTP,,
AMP - 10 Days,AMP,
AMP - 5 Days,AMP,
AMP - 7 Days,AMP,
AMP - Intensive,AMP,
AMP - Rural,AMP,
AMP 4 Days,AMP,
AMP BusyBee,AMP,
AOL Programs Legacy Data,,
APEX,,
APEX 1,,
APEX BASIC,,
APEX Mind Matters,,
APEX YOGA,,
Advanced Meditation Program for Government Employees,AMP,
Agri Clinic Agri Business Training,,
Agriculture Part-1,,
Agriculture Teachers Training Program,,
Agriculture Teachers Training Program - Phase-1,,
Agriculture Teachers Training Program - Phase-2,,
Agriculture Volunteer Program,,
Ancient wisdom,,
Art Excel,UY/MY/IP,
Art of Living Mediation Program TTP,,
Ayur Jagruti,,
BCPE Core,,
BCPE Sahaj,Sahaj,
BCPE Yoga,,
Bal Chetna Shibir Orientation,,
Blessing Course,Blessing,
Body Matters,,
Breath and Yoga,,
Children CCP in schools - Immunity Boost And Prevention,,
Children Yoga Teacher Training Course,Sri Sri Yoga,
Children’s Covid Care Program - Covid +ve in Home Isolation,,
Children’s Covid Care Program - Immunity Boost & Prevention,,
Children’s Covid Care Program - Post Covid rehabilitation,,
Cognitive Yoga,,
Comfort Zone to Courage Zone Yoga and Meditation,,
Corporate Programs part 2,AMP,
Corporate Yoga Trainers Meet (CTM),,
Covid Recovery Program - Meditation,,
DEEP DIVE,,
DM,,
DSN,DSN,
De Addiction Program,,
Deep Sleep & Anxiety Relief (In-Person),,
Deep Sleep and Anxiety Relief (Online),,
Desktop Yoga,,
Eco Enzyme & Agnihotra Training,,
Effortless Equanimity Meditation and Yoga,,
Eternity Process,,
Excellence@workplace (MSME),,
Face Yoga TTP,,
Family Basic program for Government employees,,
Family Business Dynamics,,
Fitness Unleashed,,
GEP,,
Gardeners,,
Gopalan Training,,
Govt. School MY1,UY/MY/IP,
Govt. School Online MY1,UY/MY/IP,
Govt. School Online UY,UY/MY/IP,
Govt. School UY,UY/MY/IP,
Hands on Training on Agriculture,,
Happiness Connect,HP,
Happiness Program,HP,
Happiness Program (3 Days),HP,
Happiness Program + Sahaj Samadhi Dhyana Yoga,HP,
Happiness Program + Sahaj Samadhi Dhyana Yoga,Sahaj,
Happiness Program for Slums,HP,
Happiness Program for Youth,HP,
Happiness Program for Youth + Sahaj Samadhi Dhyana Yoga,HP,
Happiness Program for Youth + Sahaj Samadhi Dhyana Yoga,Sahaj,
Happiness Program for Youth-3 Days,HP,
Hatha Yoga Teacher Training Course,Sri Sri Yoga,
Health@ Workplace(MSME),,
Holistic Cooking Program,,
Home Grown Home Cooked Permaculture session for beginners,,
Hybrid 200H Yoga Teacher Training,Sri Sri Yoga,
Hybrid 300H Yoga Teacher Training Course,Sri Sri Yoga,
I Excel.I Lead,,
IDY 2021,,
IP Junior Blind,UY/MY/IP,
IP Junior Deaf and Mute,UY/MY/IP,
IP Junior Free School M1,UY/MY/IP,
IP Junior Free School M2,UY/MY/IP,
IP Junior Free School Vacation M1,UY/MY/IP,
IP Junior Module 1,UY/MY/IP,
IP Junior Module 2,UY/MY/IP,
IP Junior Repeaters,UY/MY/IP,
IP Junior SSRVM,UY/MY/IP,
IP Junior School M1,UY/MY/IP,
IP Junior School M2,UY/MY/IP,
IP Junior School Vacation M1,UY/MY/IP,
IP Junior Vacation Program,UY/MY/IP,
IP Kids Free School M1,UY/MY/IP,
IP Kids Free School Vacation M1,UY/MY/IP,
IP Kids Module 1,UY/MY/IP,
IP Kids School M1,UY/MY/IP,
IP Kids School Vacation M1,UY/MY/IP,
IP Kids Vacation Program M1,UY/MY/IP,
IP Kids n Teens - Blind,UY/MY/IP,
IP Kids n Teens - Deaf and Mute,UY/MY/IP,
IP Kids or Teens Free School M2,UY/MY/IP,
IP Kids or Teens Free School M3,UY/MY/IP,
IP Kids or Teens Free School Vacation M2,UY/MY/IP,
IP Kids or Teens Module 2,UY/MY/IP,
IP Kids or Teens Module 3,UY/MY/IP,
IP Kids or Teens School M2,UY/MY/IP,
IP Kids or Teens School M3,UY/MY/IP,
IP Kids or Teens School Vacation M2,UY/MY/IP,
IP Kids or Teens Vacation Program M2,UY/MY/IP,
IP Special Needs M1,UY/MY/IP,
IP Special Needs M2,UY/MY/IP,
IP Special Needs M3,UY/MY/IP,
IP Teens Free School M1,UY/MY/IP,
IP Teens Free School Vacation M1,UY/MY/IP,
IP Teens Module 1,UY/MY/IP,
IP Teens School M1,UY/MY/IP,
IP Teens School Vacation M1,UY/MY/IP,
IP Teens Vacation Program M1,UY/MY/IP,
IP – Repeaters and Upgrade Senior,UY/MY/IP,
IP – SSRVM Senior,UY/MY/IP,
IP2,UY/MY/IP,
Immunity Enhancement Program - Meditation,,
Intense Detox,,
Intro Talk,,
Intro Talk - IM,,
Intuition Process - TTP,UY/MY/IP,
Intuition Process Junior,UY/MY/IP,
Intuition Process Senior,UY/MY/IP,
Jyotish Darshan,,
KAYA KALP,,
KYC,,
KYC & KYT TTC,,
KYT,,
KaalGyan Session,,
LIVE,,
Living Well Program,,
Login to your MIND,,
Madhya Pradesh Spl Covid Care Program,,
Mandala Vaatika Training,,
Mandala Vatika Pre TTP,,
Manual Friendliness Session,,
Medha Yoga Level 1,UY/MY/IP,
Medha Yoga Level 2,UY/MY/IP,
Meet With Gurudev,,
Mini Yoga Program,,
NOVICE TTC,,
OMBW Recorded Intro Talk,,
OWLTP,YLTP/WLTP,
Online 10x Speed Reading Program,,
Online 200H Yoga TTC - Without Certificate,Sri Sri Yoga,
Online 200H Yoga Teacher Training Course,Sri Sri Yoga,
Online 300H Yoga Teacher Training Course,Sri Sri Yoga,
Online 3days AMP,AMP,
Online 3days AMP - Voucher,AMP,
Online 4days AMP,AMP,
Online Agriculture TTP,,
Online BCPE,,
Online Children Yoga Teacher Training Course,Sri Sri Yoga,
Online GEP,,
Online Gopalan Training,,
Online HAMP,AMP,
Online High Income Yielding Kitchen Gardens,,
Online Home Gardening Training Program,,
Online Know Your Child,,
Online Know Your Teen,,
Online Low Cost Cold Storage Construction Course,,
Online Mandala Vaatika Package,,
Online Medha Yoga 1 Upgrade,UY/MY/IP,
Online Medha Yoga Level 1,UY/MY/IP,
Online Medha Yoga Level 2,UY/MY/IP,
Online Meditation and Breath + Sahaj Samadhi Program,HP,
Online Meditation and Breath + Sahaj Samadhi Program,Sahaj,
Online Meditation and Breath Workshop,HP,
Online Meditation and Breath Workshop - Voucher,HP,
Online Meditation and Breath Workshop for Youth,HP,
Online Meditation and Breath for Youth + Sahaj Samadhi,HP,
Online Meditation and Breath for Youth + Sahaj Samadhi,Sahaj,
Online Nakshatra Vanam,,
Online One Year 200H Yoga Teacher Training Course,Sri Sri Yoga,
Online PRAN,,
Online Part2 BusyBee,AMP,
Online Prenatal Yoga Teacher Training Course,Sri Sri Yoga,
Online Quit Tobacco Program,,
Online Rural Happiness Program,Rural HP,
Online Rural VTP,,
Online SC MY1,UY/MY/IP,
Online SC UY,UY/MY/IP,
Online SELP,YES+,
Online SSY,Sri Sri Yoga,
Online SYP 50 Hrs Training,,
Online Sahaj Samadhi Dhyana Yoga,Sahaj,
Online Sahaj Samadhi Dhyana Yoga - Voucher,Sahaj,
Online Sahaj Samadhi Dhyana Yoga 1on1,Sahaj,
Online SpineCare Program for Adults,,
Online SpineCare Program for  Children,,
Online Sri Sri Kids Gardening,,
Online Sri Sri Kids Gardening Orientation,,
Online Sri Sri Lemurrian Yoga,Sri Sri Yoga,
Online Sri Sri Natural Farming,,
Online Sri Sri Natural Farming Orientation,,
Online Sri Sri Yoga Classes,Sri Sri Yoga,
Online Sri Sri Yoga Classes - Pre & Post Natal care,Sri Sri Yoga,
Online Sri Sri Yoga Classes for Kids,Sri Sri Yoga,
Online Sri Sri Yoga Deep Dive,Sri Sri Yoga,
Online Sri Sri Yoga Level  1,Sri Sri Yoga,
Online Stress Free Exams,,
Online Suryamandala / Ganga Mandala Herbal Garden,,
Online TAOL Yoga & Meditation Program for Educators,,
Online Utkarsh Yoga Upgrade,UY/MY/IP,
Online Utkarsha Yoga,UY/MY/IP,
Online VTP,,
Online WP StayConnected,,
Online Welllness Program,,
Online Wellness Program for Substance Users,,
Online Women Wellness Module,,
Online Women Wellness Program,,
Online YLTP Program,YLTP/WLTP,
Online Yes+,YES+,
Online iExcel Holistic Well Being Program,,
Online iExcel iLead,,
Organic grower,,
P.R.A.N - Tribal,,
P.R.A.N TTP – Tobacco,,
P.R.A.N TTP – Tribal,,
P.R.A.N TTP – Urban,,
PDMOF Project Trainer,,
PDS,,
PEP,,
PY Junior Special Needs-Deaf Students,,
PY Senior Special Needs-Deaf Students,,
Padmasadhana Instructor Trg,,
Part 1,HP,
Part 2,AMP,
Permaculture and Beyond,,
Permaculture for beginners,,
Post Covid Recovery Program - Meditation,,
Prajñā Yoga TTP,,
Prajñā Yoga(Juniors) for 5-8 yrs,,
Prajñā Yoga(Seniors) for 8-18 yrs,,
Prenatal Yoga Teacher Training Course,Sri Sri Yoga,
Preparation for AYUSH YCB,,
Prison Program Part 2,AMP,
Prison Program for Staff,,
Prison Smart,,
Program Upgrade Session,,
Project Bharat - Pratinidhi Training,,
Project Bharat - Seva Yoddha Training,,
Project Bharat - Trainer of Trainers training,,
Quit Tobacco Program,,
Ramayan TTC,,
Recharge sessions,,
Refresher,,
Residential SpineCare Yoga in AOL  Ashrams,,
Rural ArtExcel,UY/MY/IP,
Rural DSN,DSN,
Rural Happiness Program,Rural HP,
Rural Teachers Training Program,,
Rural VTP,,
Rural YES,UY/MY/IP,
SELP,YES+,
SHUDDHI,,
SIGNATURE SSSY TTP,Sri Sri Yoga,
SMART YES!,UY/MY/IP,
SRISRI DEMOFARM EFPO VISIT TRG,,
SSM@workplace(MSME),,
SSSK Daily Shlokas Online,,
SSSK EES,,
SSSK Foundation Camps,,
SSSK Foundation M1,,
SSSK Foundation M1A Online,,
SSSK Foundation M1A and B Online,,
SSSK Foundation M1B Online,,
SSSK Ramayan,,
SSSK Ramayan A Online,,
SSSK Ramayan A and B Online,,
SSSK Ramayan B Online,,
SSSK Ramayan Camps,,
SSSK Ramayan Camps Residential,,
SSSK TTC Hybrid,,
SSSK TTC Online,,
SSY,Sri Sri Yoga,
SUKHAM YOGA RETREAT,,
SYP 50Hrs Training,Sri Sri Yoga,
Sahaj Samadhi Dhyana Yoga,Sahaj,
Sahaj Samadhi Dhyana Yoga 1on1,Sahaj,
Sahaj Samadhi TTP,Sahaj,
Sanyam 1,,
Sanyam 1 Reconnect,,
Sanyam 2,,
School Medha Yoga 1 Upgrade,UY/MY/IP,
School Medha Yoga 2,UY/MY/IP,
School Medha Yoga Level 1,UY/MY/IP,
School Online KYC,,
School Online KYT,,
School Online MY1,UY/MY/IP,
School Online UY,UY/MY/IP,
School Utkarsha Yoga,UY/MY/IP,
School Utkarsha Yoga Upgrade,UY/MY/IP,
Seed Grower,,
Shakti Kriya,Shakti,
Smart Excel,,
Special DSN,DSN,
Special Holistic Cooking Program,,
Spine Care TTP,,
Spine Care Yoga Orientation Program,,
SpineCare Yoga and Posture Program for Adults,,
SpineCare Yoga and Posture Workshop - SSRVM School,,
SpineCare Yoga and Posture Workshop for Children,,
Spl AoL Program for Media Professionals,,
Spl AoL Program for Police,,
Spl AoL Program for Revenue Officials,,
Spl Art of Living Program for Doctors,,
Spl Art of Living Program for Medical Support Staff,,
Sri Sri Hatha Yoga Level 1,Sri Sri Yoga,
Sri Sri Hatha Yoga Level 1 - Residential,Sri Sri Yoga,
Sri Sri Hatha Yoga Level 2,Sri Sri Yoga,
Sri Sri Home Gardening,,
Sri Sri Kids Gardening,,
Sri Sri Lemurrian Yoga,Sri Sri Yoga,
Sri Sri Lemurrian Yoga Combo Program,Sri Sri Yoga,
Sri Sri Lemurrian Yoga Part 1,Sri Sri Yoga,
Sri Sri Lemurrian Yoga Part 2,Sri Sri Yoga,
Sri Sri Lemurrian Yoga Part1 2 Days,Sri Sri Yoga,
Sri Sri Lemurrian Yoga Part2 2 Days,Sri Sri Yoga,
Sri Sri Lemurrian Yoga TTP,Sri Sri Yoga,
Sri Sri Marma,,
Sri Sri Marma Practitioners' Training Program,,
Sri Sri Meditation,,
Sri Sri Mushroom Farming,,
Sri Sri Natural Farming,,
Sri Sri Natya Yoga,Sri Sri Yoga,
Sri Sri Yoga Center,Sri Sri Yoga,
Sri Sri Yoga Classes,Sri Sri Yoga,
Sri Sri Yoga Classes for Kids,Sri Sri Yoga,
Sri Sri Yoga Classes for Prenatal and Postnatal Care,Sri Sri Yoga,
Sri Sri Yoga Deep Dive,Sri Sri Yoga,
Sri Sri Yoga Level -1,Sri Sri Yoga,
Sri Sri Yoga Level 1-Certified Teachers,Sri Sri Yoga,
Startup Rekindle,,
Stress Free Exams,,
Sudarshan Chakra Kriya,,
Swasthya Shibir,,
TAOL Yoga and Meditation program for Educators,,
TTC,,
TTP Happiness,TTP Happiness,
TTP Karmayoga,,
TTP MEDHAYOGA,UY/MY/IP,
TTP Rural UYMY,UY/MY/IP,
Tapping your Inner potential for Success,,
Teachers Training Program,,
Technology of Yoga,,
Teens CCP in schools - Immunity Boost And Prevention,,
Teens Covid Care Program - Covid +ve in Home Isolation,,
Teens Covid Care Program - Immunity Boost & Prevention,,
Teens Covid Care Program - Post Covid rehabilitation,,
Test Program Type,,
The Art of Living Kids online,,
The Art of Living Teens online,,
Tlex,,
Training on Bee Keeping,,
Training on Bee Keeping Level 1,,
Training on Bee Keeping Level 2,,
Training on Farm Supervisor,,
Utkarsha Yoga,UY/MY/IP,
VTP,,
VTP Reconnect,,
Vedic Agriculture Workshop,,
Vedic Math Part 1,,
Vedic Math Part 2,,
Vedic Maths,,
WLTP,YLTP/WLTP,
WP-SU - Residential,,
WP-SU Rehabs,,
WP-SU TTP,,
Weekend Retreat,,
Wellness Program,,
Wellness Program TTP,,
Wellness Program for Substance Users,,
Women Wellness Module,,
YES!+,YES+,
YES!+DSN,DSN,
YLTP,YLTP/WLTP,
YLTP TTC,YLTP/WLTP,
YOGA IN BHAGAVAD GITA,,
YPDS,,
Yes!,UY/MY/IP,
Yes! 2,UY/MY/IP,
Yoga For Women,Sri Sri Yoga,
Yoga TTC Level 1,Sri Sri Yoga,
Yoga TTC Level 2,Sri Sri Yoga,
Yoga@work,Sri Sri Yoga,
Yoga@workspace,Sri Sri Yoga,
Yogic Fitness Act I,,
iDrive,,
iExcel Holistic Wellbeing,,
iIntegrate,,
